{
  "Component-preload.js": 1614347422939,
  "model/models.js": 1614340316915,
  "manifest.json": 1614347422979,
  "controller/Tile.controller.js": 1614347349033,
  "Component.js": 1614340316915,
  "manifest-bundle.zip": 1614347422665,
  "i18n/i18n.properties": 1614340316915,
  "model/models-dbg.js": 1614340316915,
  "controller/Tile-dbg.controller.js": 1614347349033,
  "Component-dbg.js": 1614340316915,
  "resources.json": 1614347422984,
  "view/Tile.view.xml": 1614347360769,
  "css/style.css": 1614340316915,
  "Image/iso.png": 1614347397802,
  "index.html": 1614340316915
}