{
  "css/style.css": 1623687422831,
  "controller/Tile.controller.js": 1623698563849,
  "model/models.js": 1623696682450,
  "manifest.json": 1623763723428,
  "Component.js": 1623687630248,
  "manifest-bundle.zip": 1623763722417,
  "Component-preload.js": 1623763723352,
  "model/models-dbg.js": 1623696682450,
  "controller/Tile-dbg.controller.js": 1623698563849,
  "Component-dbg.js": 1623687630248,
  "resources.json": 1623763723431,
  "view/Tile.view.xml": 1623698617193,
  "i18n/i18n.properties": 1623687422831,
  "Image/iso.png": 1623687422827,
  "index.html": 1623687630352
}